leaderboard_publish_date,elo_max,lag_1,lag_2,lag_4,lag_8,lag_12,roll_mean_4,roll_mean_12,roll_std_4,week_of_year,week_sin,week_cos,t
2023-08-06,1096.0,1096.0,1096.0,1065.0,1075.0,1094.0,1080.5,1078.3333333333333,17.897858344878426,31,-0.5680647467311556,-0.8229838658936566,12
2023-08-13,1096.0,1096.0,1096.0,1065.0,1075.0,1094.0,1088.25,1078.5,15.500000000000012,32,-0.663122658240795,-0.7485107481711013,13
2023-08-20,1096.0,1096.0,1096.0,1096.0,1065.0,1075.0,1096.0,1078.6666666666667,0.0,33,-0.7485107481711011,-0.6631226582407952,14
2023-08-27,1096.0,1096.0,1096.0,1096.0,1065.0,1075.0,1096.0,1080.4166666666667,0.0,34,-0.8229838658936564,-0.5680647467311559,15
2023-09-03,1096.0,1096.0,1096.0,1096.0,1065.0,1075.0,1096.0,1082.1666666666667,0.0,35,-0.8854560256532096,-0.4647231720437691,16
2023-09-10,1097.0,1096.0,1096.0,1096.0,1065.0,1075.0,1096.0,1083.9166666666667,0.0,36,-0.9350162426854147,-0.3546048870425359,17
2023-09-17,1097.0,1097.0,1096.0,1096.0,1096.0,1065.0,1096.25,1085.75,0.5000000000003789,37,-0.970941817426052,-0.23931566428755774,18
2023-09-24,1097.0,1097.0,1097.0,1096.0,1096.0,1065.0,1096.5,1088.4166666666667,0.5773502691899703,38,-0.992708874098054,-0.12053668025532357,19
2023-10-01,1097.0,1097.0,1097.0,1096.0,1096.0,1065.0,1096.75,1091.0833333333333,0.5000000000003789,39,-1.0,-1.8369701987210297e-16,20
2023-10-08,1099.0,1097.0,1097.0,1097.0,1096.0,1065.0,1097.0,1093.75,0.0,40,-0.992708874098054,0.1205366802553232,21
2023-10-15,1099.0,1099.0,1097.0,1097.0,1096.0,1096.0,1097.5,1096.5833333333333,1.0000000000001894,41,-0.9709418174260521,0.23931566428755738,22
2023-10-22,1099.0,1099.0,1099.0,1097.0,1096.0,1096.0,1098.0,1096.8333333333333,1.1547005383793991,42,-0.9350162426854148,0.35460488704253557,23
2023-10-29,1099.0,1099.0,1099.0,1097.0,1096.0,1096.0,1098.5,1097.0833333333333,1.0000000000001894,43,-0.8854560256532101,0.464723172043768,24
2023-11-05,1099.0,1099.0,1099.0,1099.0,1097.0,1096.0,1099.0,1097.3333333333333,0.0,44,-0.822983865893657,0.5680647467311548,25
2023-11-12,1096.0,1099.0,1099.0,1099.0,1097.0,1096.0,1099.0,1097.5833333333333,0.0,45,-0.7485107481711011,0.6631226582407952,26
2023-11-19,1093.0,1096.0,1099.0,1099.0,1097.0,1096.0,1098.25,1097.5833333333333,1.5000000000001263,46,-0.6631226582407955,0.7485107481711007,27
2023-11-26,1093.0,1093.0,1096.0,1099.0,1097.0,1096.0,1096.75,1097.3333333333333,2.87228132326908,47,-0.5680647467311559,0.8229838658936564,28
2023-12-03,1093.0,1093.0,1093.0,1099.0,1099.0,1097.0,1095.25,1097.0833333333333,2.87228132326908,48,-0.4647231720437684,0.88545602565321,29
2023-12-10,1124.9588260120663,1093.0,1093.0,1096.0,1099.0,1097.0,1093.75,1096.75,1.5000000000001263,49,-0.35460488704253595,0.9350162426854147,30
2023-12-17,1150.1805019946523,1124.9588260120663,1093.0,1093.0,1099.0,1097.0,1100.9897065030166,1099.0799021676721,15.979413006033168,50,-0.2393156642875578,0.970941817426052,31
2023-12-24,1128.6336315397584,1150.1805019946523,1124.9588260120663,1093.0,1099.0,1097.0,1115.2848320016797,1103.5116106672265,27.715948591966683,51,-0.12053668025532363,0.992708874098054,32
2023-12-31,1128.6336315397584,1128.6336315397584,1150.1805019946523,1093.0,1099.0,1099.0,1124.1932398866193,1106.1477466288732,23.584311216318707,52,6.432490598706546e-16,1.0,33
2024-01-07,1128.6336315397584,1128.6336315397584,1128.6336315397584,1124.9588260120663,1096.0,1099.0,1133.1016477715589,1108.6172159238529,11.516931678703944,1,0.12053668025532305,0.992708874098054,34
2024-01-14,1190.498739179503,1128.6336315397584,1128.6336315397584,1150.1805019946523,1093.0,1099.0,1134.020349153482,1111.0866852188328,10.773435227446887,2,0.23931566428755774,0.970941817426052,35
2024-01-21,1190.624874176147,1190.498739179503,1128.6336315397584,1128.6336315397584,1093.0,1099.0,1144.0999084496946,1118.711580150458,30.932553819872258,3,0.3546048870425356,0.9350162426854148,36
2024-01-28,1189.3786960061411,1190.624874176147,1190.498739179503,1128.6336315397584,1093.0,1099.0,1159.5977191087918,1126.3469863318037,35.754285668293136,4,0.4647231720437685,0.8854560256532099,37
2024-02-04,1253.0426073408823,1189.3786960061411,1190.624874176147,1128.6336315397584,1124.9588260120663,1096.0,1174.7839852253874,1133.8785443323154,30.772000166120755,5,0.5680647467311558,0.8229838658936564,38
2024-02-11,1253.0426073408823,1253.0426073408823,1189.3786960061411,1190.498739179503,1150.1805019946523,1093.0,1205.8862291756684,1146.9654282773888,31.442574416478095,6,0.6631226582407952,0.7485107481711011,39
2024-02-18,1253.5648625769247,1253.0426073408823,1253.0426073408823,1190.624874176147,1128.6336315397584,1093.0,1221.522196216013,1160.3023122224624,36.4001911622219,7,0.7485107481711011,0.6631226582407953,40
2024-02-25,1253.5648625769247,1253.5648625769247,1253.0426073408823,1189.3786960061411,1128.6336315397584,1093.0,1237.2571933162076,1173.6827174372063,31.919947646405888,8,0.8229838658936564,0.5680647467311559,41
2024-03-03,1253.5648625769247,1253.5648625769247,1253.5648625769247,1253.0426073408823,1128.6336315397584,1124.9588260120663,1253.3037349589035,1187.06312265195,0.3015242011746458,9,0.8854560256532099,0.4647231720437686,42
2024-03-10,1251.2250573604138,1253.5648625769247,1253.5648625769247,1253.0426073408823,1190.498739179503,1150.1805019946523,1253.434298767914,1197.7802923656882,0.26112761809030843,10,0.9350162426854148,0.35460488704253557,43
2024-03-17,1250.7291052324438,1251.2250573604138,1253.5648625769247,1253.5648625769247,1190.624874176147,1128.6336315397584,1252.979911272797,1206.2006719795015,1.1699026082710033,11,0.970941817426052,0.23931566428755804,44
2024-03-24,1250.7291052324438,1250.7291052324438,1251.2250573604138,1253.5648625769247,1189.3786960061411,1128.6336315397584,1252.2709719366767,1216.3752947872254,1.507713081946115,12,0.992708874098054,0.120536680255323,45
2024-03-31,1253.5558630630308,1250.7291052324438,1250.7291052324438,1253.5648625769247,1253.0426073408823,1128.6336315397584,1251.5620326005564,1226.5499175949492,1.3555338712013054,13,1.0,-1.6081226496766366e-16,46
2024-04-07,1255.9136160403054,1253.5558630630308,1250.7291052324438,1251.2250573604138,1253.0426073408823,1190.498739179503,1251.5597827220831,1236.9601035552218,1.3511017700332235,14,0.992708874098054,-0.12053668025532288,47
2024-04-14,1259.5083527473555,1255.9136160403054,1253.5558630630308,1250.7291052324438,1253.5648625769247,1190.624874176147,1252.7319223920558,1242.4113432936222,2.5049687855927543,15,0.9709418174260521,-0.2393156642875575,48
2024-04-21,1258.8236517153468,1259.5083527473555,1255.9136160403054,1250.7291052324438,1253.5648625769247,1189.3786960061411,1254.926734270784,1248.151633174556,3.7177296344116235,16,0.9350162426854148,-0.35460488704253545,49
2024-04-28,1257.3994068657073,1258.8236517153468,1259.5083527473555,1253.5558630630308,1253.5648625769247,1253.0426073408823,1256.9503708915097,1253.93871281699,2.74772610467868,17,0.8854560256532099,-0.4647231720437685,50
2024-05-05,1258.8152791324717,1257.3994068657073,1258.8236517153468,1255.9136160403054,1251.2250573604138,1253.0426073408823,1257.9112568421788,1254.3017794440586,1.5953828074312577,18,0.8229838658936565,-0.5680647467311557,51
2024-05-12,1257.634537277757,1258.8152791324717,1257.3994068657073,1259.5083527473555,1250.7291052324438,1253.5648625769247,1258.6366726152205,1254.782835426691,0.8864750907701425,19,0.7485107481711013,-0.663122658240795,52
2024-05-19,1286.6349805191508,1257.634537277757,1258.8152791324717,1258.8236517153468,1250.7291052324438,1253.5648625769247,1258.1682187478207,1255.1219749850936,0.7581044646518817,20,0.6631226582407952,-0.7485107481711012,53
2024-05-26,1286.7607663626156,1286.6349805191508,1257.634537277757,1257.3994068657073,1253.5558630630308,1253.5648625769247,1265.1210509487717,1257.8778181469459,14.35599291875904,21,0.5680647467311558,-0.8229838658936564,54
2024-06-02,1281.8854138421657,1286.7607663626156,1286.6349805191508,1258.8152791324717,1255.9136160403054,1251.2250573604138,1272.4613908229987,1260.6441434624203,16.446020146936558,22,0.46472317204376906,-0.8854560256532096,55
2024-06-09,1282.102525498453,1281.8854138421657,1286.7607663626156,1257.634537277757,1259.5083527473555,1250.7291052324438,1278.2289245004222,1263.1991731692328,13.91585190511061,23,0.35460488704253584,-0.9350162426854147,56
2024-06-16,1282.224353774267,1282.102525498453,1281.8854138421657,1286.6349805191508,1258.8236517153468,1250.7291052324438,1284.3459215555963,1265.813624858067,2.717731312310977,24,0.23931566428755768,-0.970941817426052,57
2024-06-23,1283.2350346997923,1282.224353774267,1282.102525498453,1286.7607663626156,1257.3994068657073,1253.5558630630308,1283.2432648693753,1268.438228903219,2.3491872565649614,25,0.12053668025532308,-0.992708874098054,58
2024-06-30,1287.0196469719676,1283.2350346997923,1282.224353774267,1281.8854138421657,1258.8152791324717,1255.9136160403054,1282.3618319536695,1270.9114932062823,0.5987757900938417,26,-3.216245299353273e-16,-1.0,59
2024-07-07,1287.3959975556716,1287.0196469719676,1283.2350346997923,1282.102525498453,1257.634537277757,1259.5083527473555,1283.64539023612,1273.5036624505876,2.3060627636972675,27,-0.12053668025532283,-0.992708874098054,60
2024-07-14,1287.4660504645813,1287.3959975556716,1287.0196469719676,1282.224353774267,1286.6349805191508,1258.8236517153468,1284.9687582504246,1275.8276328512804,2.6226696622546197,28,-0.23931566428755743,-0.9709418174260521,61
2024-07-21,1286.89343680061,1287.4660504645813,1287.3959975556716,1283.2350346997923,1286.7607663626156,1257.3994068657073,1286.2791824230032,1278.2144994137168,2.0388767248784974,29,-0.3546048870425356,-0.9350162426854148,62
2024-07-28,1286.72314411263,1286.89343680061,1287.4660504645813,1287.0196469719676,1281.8854138421657,1258.8152791324717,1287.1937829482076,1280.6723352416254,0.28020914487658444,30,-0.46472317204376806,-0.8854560256532101,63
2024-08-04,1285.8850127576295,1286.72314411263,1286.89343680061,1287.3959975556716,1282.102525498453,1257.634537277757,1287.1196572333733,1282.9979906566384,0.36731030639468,31,-0.5680647467311556,-0.8229838658936566,64
2024-08-11,1286.1295998590049,1285.8850127576295,1286.72314411263,1287.4660504645813,1282.224353774267,1286.6349805191508,1286.7419110338626,1285.352196946628,0.6536984081182519,32,-0.663122658240795,-0.7485107481711013,65
2024-08-18,1285.743838183107,1286.1295998590049,1285.8850127576295,1286.89343680061,1283.2350346997923,1286.7607663626156,1286.4077983824686,1285.3100818916157,0.47818644577779507,33,-0.7485107481711011,-0.6631226582407952,66
2024-08-25,1316.8023351337524,1285.743838183107,1286.1295998590049,1286.72314411263,1287.0196469719676,1281.8854138421657,1286.1203987280928,1285.2253378766568,0.43227732556657117,34,-0.8229838658936564,-0.5680647467311559,67
2024-09-01,1316.1559008799543,1316.8023351337524,1285.743838183107,1285.8850127576295,1287.3959975556716,1282.102525498453,1293.6401964833735,1288.1350813176223,15.442248082664435,35,-0.8854560256532096,-0.4647231720437691,68
2024-09-08,1315.6201862465268,1316.1559008799543,1316.8023351337524,1286.1295998590049,1287.4660504645813,1282.224353774267,1301.2079185139546,1290.9728625994142,17.63634013871404,36,-0.9350162426854147,-0.3546048870425359,69
2024-09-15,1293.963559415107,1315.6201862465268,1316.1559008799543,1285.743838183107,1286.89343680061,1283.2350346997923,1308.580565110835,1293.755848638769,15.232154332534115,37,-0.970941817426052,-0.23931566428755774,70
2024-09-22,1355.2309449872544,1293.963559415107,1315.6201862465268,1316.8023351337524,1286.72314411263,1287.0196469719676,1310.635495418835,1294.6498923650452,11.125127434248293,38,-0.992708874098054,-0.12053668025532357,71
2024-09-29,1339.0830729150762,1355.2309449872544,1293.963559415107,1316.1559008799543,1285.8850127576295,1287.3959975556716,1320.2426478822106,1300.3341671996525,25.513656980831346,39,-1.0,-1.8369701987210297e-16,72
2024-10-06,1339.0830729150762,1339.0830729150762,1355.2309449872544,1315.6201862465268,1286.1295998590049,1287.4660504645813,1325.974440890991,1304.6414234796027,26.830867718501207,40,-0.992708874098054,0.1205366802553232,73
2024-10-13,1335.196869358594,1339.0830729150762,1339.0830729150762,1293.963559415107,1285.743838183107,1286.89343680061,1331.8401625581284,1308.9428420171441,26.373504818145918,41,-0.9709418174260521,0.23931566428755738,74
2024-10-20,1334.7287976430284,1335.196869358594,1339.0830729150762,1355.2309449872544,1316.8023351337524,1286.72314411263,1342.1484900440003,1312.9681280636428,8.911962407250776,42,-0.9350162426854148,0.35460488704253557,75
2024-10-27,1336.8377171483123,1334.7287976430284,1335.196869358594,1339.0830729150762,1316.1559008799543,1285.8850127576295,1337.0229532079438,1316.9685991911758,2.3864840523541204,43,-0.8854560256532101,0.464723172043768,76
2024-11-03,1335.1365547953826,1336.8377171483123,1334.7287976430284,1339.0830729150762,1315.6201862465268,1286.1295998590049,1336.4616142662528,1321.2146578903994,1.9677171169198815,44,-0.822983865893657,0.5680647467311548,77
2024-11-10,1334.0460294036152,1335.1365547953826,1336.8377171483123,1335.196869358594,1293.963559415107,1285.743838183107,1335.4749847363294,1325.2985708017643,0.9319724232761166,45,-0.7485107481711011,0.6631226582407952,78
2024-11-17,1333.0761334393285,1334.0460294036152,1335.1365547953826,1334.7287976430284,1355.2309449872544,1316.8023351337524,1335.1872747475845,1329.3237534034733,1.1887212768778301,46,-0.6631226582407955,0.7485107481711007,79
2024-11-24,1333.5611914843353,1333.0761334393285,1334.0460294036152,1336.8377171483123,1339.0830729150762,1316.1559008799543,1334.7741086966596,1330.6799032622714,1.6127684735448582,47,-0.5680647467311559,0.8229838658936564,80
2024-12-01,1333.9123140758843,1333.5611914843353,1333.0761334393285,1335.1365547953826,1339.0830729150762,1315.6201862465268,1333.9549772806654,1332.1303441459697,0.8816366718258245,48,-0.4647231720437684,0.88545602565321,81
2024-12-08,1334.3300505781508,1333.9123140758843,1333.5611914843353,1334.0460294036152,1335.196869358594,1293.963559415107,1333.6489171007909,1333.6546881317497,0.4331485712243707,49,-0.35460488704253595,0.9350162426854147,82
2024-12-15,1333.9512321543066,1334.3300505781508,1333.9123140758843,1333.0761334393285,1334.7287976430284,1355.2309449872544,1333.7199223944247,1337.0185623953364,0.5319557250658535,50,-0.2393156642875578,0.970941817426052,83
2024-12-22,1334.6170735724131,1333.9512321543066,1334.3300505781508,1333.5611914843353,1336.8377171483123,1339.0830729150762,1333.9386970731694,1335.2452529925908,0.3143889450795508,51,-0.12053668025532363,0.992708874098054,84
2024-12-29,1334.6170735724131,1334.6170735724131,1333.9512321543066,1333.9123140758843,1335.1365547953826,1339.0830729150762,1334.2026675951886,1334.8730863807023,0.334406780986366,52,6.432490598706546e-16,1.0,85
2025-01-05,1351.6329738660747,1334.6170735724131,1334.6170735724131,1334.3300505781508,1334.0460294036152,1335.196869358594,1334.378857469321,1334.5009197688137,0.3155626437063239,1,0.12053668025532305,0.992708874098054,86
2025-01-12,1351.6329738660747,1351.6329738660747,1334.6170735724131,1333.9512321543066,1333.0761334393285,1334.7287976430284,1338.704588291302,1335.8705951444372,8.62463721535504,2,0.23931566428755774,0.970941817426052,87
2025-01-19,1351.7960289907044,1351.6329738660747,1351.6329738660747,1334.6170735724131,1333.5611914843353,1336.8377171483123,1343.125023719244,1337.2792764963576,9.824134615050795,3,0.3546048870425356,0.9350162426854148,88
2025-01-26,1356.9995558195956,1351.7960289907044,1351.6329738660747,1334.6170735724131,1333.9123140758843,1335.1365547953826,1347.4197625738168,1338.5258024832237,8.535472105762269,4,0.4647231720437685,0.8854560256532099,89
2025-02-02,1357.653476112198,1356.9995558195956,1351.7960289907044,1351.6329738660747,1334.3300505781508,1334.0460294036152,1353.0153831356124,1340.3477192352414,2.657227081224108,5,0.5680647467311558,0.8229838658936564,90
2025-02-09,1361.0206060335531,1357.653476112198,1356.9995558195956,1351.6329738660747,1333.9512321543066,1333.0761334393285,1354.5205086971432,1342.3150064609565,3.251758833340525,6,0.6631226582407952,0.7485107481711011,91
2025-02-16,1361.4525375245998,1361.0206060335531,1357.653476112198,1351.7960289907044,1334.6170735724131,1333.5611914843353,1356.8674167390127,1344.643712510475,3.8124054123707807,7,0.7485107481711011,0.6631226582407953,92
2025-02-23,1361.8593855228855,1361.4525375245998,1361.0206060335531,1356.9995558195956,1334.6170735724131,1333.9123140758843,1359.2815438724865,1346.9679913471641,2.2800310482718507,8,0.8229838658936564,0.5680647467311559,93
2025-03-02,1362.6585823066584,1361.8593855228855,1361.4525375245998,1357.653476112198,1351.6329738660747,1334.3300505781508,1360.496501298309,1349.2969139677473,1.9260440162847043,9,0.8854560256532099,0.4647231720437686,94
2025-03-09,1411.5470385735089,1362.6585823066584,1361.8593855228855,1361.0206060335531,1351.6329738660747,1333.9512321543066,1361.7477778469242,1351.657624945123,0.6971290486324446,10,0.9350162426854148,0.35460488704253557,95
2025-03-16,1405.9700620095723,1411.5470385735089,1362.6585823066584,1361.4525375245998,1351.7960289907044,1334.6170735724131,1374.3793859819132,1358.1239421467233,24.78349894920568,11,0.970941817426052,0.23931566428755804,96
2025-03-23,1404.0372650160534,1405.9700620095723,1411.5470385735089,1361.8593855228855,1356.9995558195956,1334.6170735724131,1385.508767103156,1364.0700245164865,26.944884268783827,12,0.992708874098054,0.120536680255323,97
2025-03-30,1405.897310370929,1404.0372650160534,1405.9700620095723,1362.6585823066584,1357.653476112198,1351.6329738660747,1396.0532369764483,1369.8550404701234,22.489619612303947,13,1.0,-1.6081226496766366e-16,98
2025-04-06,1409.7691769032017,1405.897310370929,1404.0372650160534,1411.5470385735089,1361.0206060335531,1351.6329738660747,1406.862918992516,1374.3770685121945,3.2483272744488967,14,0.992708874098054,-0.12053668025532288,99
2025-04-13,1406.04503075013,1409.7691769032017,1405.897310370929,1405.9700620095723,1361.4525375245998,1351.7960289907044,1406.4184535749391,1379.2217520986217,2.4062454163060694,15,0.9709418174260521,-0.2393156642875575,100
2025-04-20,1406.5266843115137,1406.04503075013,1409.7691769032017,1404.0372650160534,1361.8593855228855,1356.9995558195956,1406.4371957600788,1383.7425022452405,2.40187673446293,16,0.9350162426854148,-0.35460488704253545,101
2025-04-27,1418.0693857752522,1406.5266843115137,1406.04503075013,1405.897310370929,1362.6585823066584,1357.653476112198,1407.0595505839437,1387.8697629529004,1.8262962574776078,17,0.8854560256532099,-0.4647231720437685,102
2025-05-04,1418.0693857752522,1418.0693857752522,1406.5266843115137,1409.7691769032017,1411.5470385735089,1361.0206060335531,1410.1025694350244,1392.9044220914882,5.562729778778243,18,0.8229838658936565,-0.5680647467311557,103
2025-05-11,1413.0599445397784,1418.0693857752522,1418.0693857752522,1406.04503075013,1405.9700620095723,1361.4525375245998,1412.177621653037,1397.6584870699633,6.806064280327335,19,0.7485107481711013,-0.663122658240795,104
2025-05-18,1413.0599445397784,1413.0599445397784,1418.0693857752522,1406.5266843115137,1404.0372650160534,1361.8593855228855,1413.931350100449,1401.9591043212279,5.472205575720532,20,0.6631226582407952,-0.7485107481711012,105
2025-05-25,1409.263549088233,1413.0599445397784,1413.0599445397784,1418.0693857752522,1405.897310370929,1362.6585823066584,1415.5646651575153,1406.2258175726358,2.892202245787652,21,0.5680647467311558,-0.8229838658936564,106
2025-06-01,1419.461325800532,1409.263549088233,1413.0599445397784,1418.0693857752522,1409.7691769032017,1411.5470385735089,1413.3632059857605,1410.1095648044336,3.6119823688044574,22,0.46472317204376906,-0.8854560256532096,107
2025-06-08,1420.2369417333446,1419.461325800532,1409.263549088233,1413.0599445397784,1406.04503075013,1405.9700620095723,1413.7111909920804,1410.7690887400188,4.230595415283626,23,0.35460488704253584,-0.9350162426854147,108
2025-06-15,1425.0653188607723,1420.2369417333446,1419.461325800532,1413.0599445397784,1406.5266843115137,1404.0372650160534,1415.505440290472,1411.9579953836665,5.259207523312758,24,0.23931566428755768,-0.970941817426052,109
2025-06-22,1426.5989650210745,1425.0653188607723,1420.2369417333446,1409.263549088233,1418.0693857752522,1405.897310370929,1418.5067838707205,1413.71033320406,6.642197602832692,25,0.12053668025532308,-0.992708874098054,110
2025-06-29,1477.4863778383874,1426.5989650210745,1425.0653188607723,1419.461325800532,1418.0693857752522,1409.7691769032017,1422.8406378539307,1415.435471091572,3.524826809930652,26,-3.216245299353273e-16,-1.0,111
2025-07-06,1473.4990849185378,1477.4863778383874,1426.5989650210745,1420.2369417333446,1413.0599445397784,1406.04503075013,1437.3469008633947,1421.0785711695041,26.896614995296286,27,-0.12053668025532283,-0.992708874098054,112
2025-07-13,1476.9263077420123,1473.4990849185378,1477.4863778383874,1425.0653188607723,1413.0599445397784,1406.5266843115137,1450.662436659693,1426.6997423502046,28.72455065485795,28,-0.23931566428755743,-0.9709418174260521,113
2025-07-20,1473.9213239114315,1476.9263077420123,1473.4990849185378,1426.5989650210745,1409.263549088233,1418.0693857752522,1463.6276838800031,1432.5663776360796,24.748652311134677,29,-0.3546048870425356,-0.9350162426854148,114
2025-07-27,1472.155189402587,1473.9213239114315,1476.9263077420123,1477.4863778383874,1419.461325800532,1418.0693857752522,1475.4582736025923,1437.2207058140946,2.038705935829654,30,-0.46472317204376806,-0.8854560256532101,115
2025-08-03,1469.906229043033,1472.155189402587,1473.9213239114315,1473.4990849185378,1420.2369417333446,1413.0599445397784,1474.125476493642,1441.7278561163723,2.013349744823128,31,-0.5680647467311556,-0.8229838658936566,116
2025-08-10,1471.0319249953286,1469.906229043033,1472.155189402587,1476.9263077420123,1425.0653188607723,1413.0599445397784,1473.227262524766,1446.4650464916438,2.9632898887056722,32,-0.663122658240795,-0.7485107481711013,117
2025-08-17,1468.585459163801,1471.0319249953286,1469.906229043033,1473.9213239114315,1426.5989650210745,1409.263549088233,1471.753666838095,1451.2960448629394,1.7121035065423595,33,-0.7485107481711011,-0.6631226582407952,118
2025-08-24,1468.0541666841966,1468.585459163801,1471.0319249953286,1472.155189402587,1477.4863778383874,1419.461325800532,1470.4197006511874,1456.2395373692368,1.5291429821928315,34,-0.8229838658936564,-0.5680647467311559,119
2025-08-31,1466.4584084855717,1468.0541666841966,1468.585459163801,1469.906229043033,1473.4990849185378,1420.2369417333446,1469.3944449715896,1460.2889407762088,1.3409036366742604,35,-0.8854560256532096,-0.4647231720437691,120
2025-09-07,1466.4584084855717,1466.4584084855717,1468.0541666841966,1471.0319249953286,1476.9263077420123,1425.0653188607723,1468.5324898322247,1464.140729672228,1.8956606896521098,36,-0.9350162426854147,-0.3546048870425359,121
2025-09-14,1467.1057620282531,1466.4584084855717,1466.4584084855717,1468.585459163801,1473.9213239114315,1426.5989650210745,1467.3891107047853,1467.5901538076278,1.0963518797356526,37,-0.970941817426052,-0.23931566428755774,122
2025-09-21,1468.7708301157995,1467.1057620282531,1466.4584084855717,1468.0541666841966,1472.155189402587,1477.4863778383874,1467.0191864208982,1470.9657202248927,0.7544585843432554,38,-0.992708874098054,-0.12053668025532357,123
2025-09-28,1468.7708301157995,1468.7708301157995,1467.1057620282531,1466.4584084855717,1469.906229043033,1473.4990849185378,1467.1983522787991,1470.2394245813437,1.0918322728923109,39,-1.0,-1.8369701987210297e-16,124
2025-10-05,1465.901067408727,1468.7708301157995,1468.7708301157995,1466.4584084855717,1471.0319249953286,1476.9263077420123,1467.776457686356,1469.8454033477822,1.1782245708578862,40,-0.992708874098054,0.1205366802553232,125
2025-10-12,1465.7860038435983,1465.901067408727,1468.7708301157995,1467.1057620282531,1468.585459163801,1473.9213239114315,1467.6371224171448,1468.9266333200082,1.3984297321011376,41,-0.9709418174260521,0.23931566428755738,126
2025-10-19,1464.746758627951,1465.7860038435983,1465.901067408727,1468.7708301157995,1468.0541666841966,1472.155189402587,1467.307182870981,1468.2486899810222,1.6907269482710494,42,-0.9350162426854148,0.35460488704253557,127
2025-10-26,1464.746758627951,1464.746758627951,1465.7860038435983,1468.7708301157995,1466.4584084855717,1469.906229043033,1466.301164999019,1467.6313207498026,1.7263539665082897,43,-0.8854560256532101,0.464723172043768,128
2025-11-02,1464.746758627951,1464.746758627951,1464.746758627951,1465.901067408727,1466.4584084855717,1471.0319249953286,1465.2951471270567,1467.201364881879,0.6349644597890022,44,-0.822983865893657,0.5680647467311548,129
2025-11-09,1465.6850628985792,1464.746758627951,1464.746758627951,1465.7860038435983,1467.1057620282531,1468.585459163801,1465.006569931863,1466.677601017931,0.5196226077500261,45,-0.7485107481711011,0.6631226582407952,130
2025-11-16,1494.803370131599,1465.6850628985792,1464.746758627951,1464.746758627951,1468.7708301157995,1468.0541666841966,1464.981334695608,1466.4359013291623,0.4691521352325516,46,-0.6631226582407955,0.7485107481711007,131
2025-11-23,1489.982764809508,1494.803370131599,1465.6850628985792,1464.746758627951,1468.7708301157995,1466.4584084855717,1472.49548757152,1468.665001616446,14.878498009113898,47,-0.5680647467311559,0.8229838658936564,132
2025-11-30,1487.5821680593158,1489.982764809508,1494.803370131599,1464.746758627951,1465.901067408727,1466.4584084855717,1478.8044891169093,1470.6253646434407,15.818313984956808,48,-0.4647231720437684,0.88545602565321,133
2025-12-07,1486.3098920655912,1487.5821680593158,1489.982764809508,1465.6850628985792,1465.7860038435983,1467.1057620282531,1484.5133414747506,1472.3856779412527,12.906342783315074,49,-0.35460488704253595,0.9350162426854147,134
2025-12-14,1486.9366701500828,1486.3098920655912,1487.5821680593158,1494.803370131599,1464.746758627951,1468.7708301157995,1489.6695487665036,1473.986022111031,3.746050251607454,50,-0.2393156642875578,0.970941817426052,135
2025-12-21,1484.5533571185017,1486.9366701500828,1486.3098920655912,1489.982764809508,1464.746758627951,1468.7708301157995,1487.7028737711244,1475.499842113888,1.606231514683902,51,-0.12053668025532363,0.992708874098054,136
2025-12-28,1484.39831259815,1484.5533571185017,1486.9366701500828,1487.5821680593158,1464.746758627951,1465.901067408727,1486.345521848373,1476.8150526974462,1.3028013491131154,52,6.432490598706546e-16,1.0,137
2026-01-04,1484.441558384627,1484.39831259815,1484.5533571185017,1486.3098920655912,1465.6850628985792,1465.7860038435983,1485.5495579830813,1478.356489796565,1.2675396350766346,1,0.12053668025532305,0.992708874098054,138
2026-01-11,1483.9273024835163,1484.441558384627,1484.39831259815,1486.9366701500828,1494.803370131599,1464.746758627951,1485.0824745628402,1479.9111193416509,1.2378553613360201,2,0.23931566428755774,0.970941817426052,139
2026-01-18,1483.9273024835163,1483.9273024835163,1484.441558384627,1484.5533571185017,1489.982764809508,1464.746758627951,1484.3301326461988,1481.5094979962812,0.27638469911991054,3,0.3546048870425356,0.9350162426854148,140
2026-01-25,1483.9273024835163,1483.9273024835163,1483.9273024835163,1484.39831259815,1487.5821680593158,1464.746758627951,1484.1736189874523,1483.1078766509115,0.28496922591649204,4,0.4647231720437685,0.8854560256532099,141
2026-02-01,1481.1793480101635,1483.9273024835163,1483.9273024835163,1484.441558384627,1486.3098920655912,1465.6850628985792,1484.055866458794,1484.7062553055418,0.2571279503540684,5,0.5680647467311558,0.8229838658936564,142
2026-02-08,1501.424995520557,1481.1793480101635,1483.9273024835163,1483.9273024835163,1486.9366701500828,1494.803370131599,1483.2403138651782,1485.9974457315072,1.3739772366390235,6,0.6631226582407952,0.7485107481711011,143
2026-02-15,1503.6475535471047,1501.424995520557,1481.1793480101635,1483.9273024835163,1484.5533571185017,1489.982764809508,1487.6147371244383,1486.549247847254,9.297523298913578,7,0.7485107481711011,0.6631226582407953,144
2026-02-22,1503.0383321661045,1503.6475535471047,1501.424995520557,1483.9273024835163,1484.39831259815,1487.5821680593158,1492.5447998903355,1487.6879802420535,11.627034176014494,8,0.8229838658936564,0.5680647467311559,145
2026-03-01,1501.5501061936889,1503.0383321661045,1503.6475535471047,1481.1793480101635,1484.441558384627,1486.3098920655912,1497.3225573109823,1488.9759939176192,10.802914195939675,9,0.8854560256532099,0.4647231720437686,146
2026-03-08,1502.329643704344,1501.5501061936889,1503.0383321661045,1501.424995520557,1483.9273024835163,1486.9366701500828,1502.4152468568639,1490.2460117616274,1.100890723794308,10,0.9350162426854148,0.35460488704253557,147
2026-03-15,1501.7687497781185,1502.329643704344,1501.5501061936889,1503.6475535471047,1483.9273024835163,1484.5533571185017,1502.6414089028106,1491.5287595578156,0.9051729602246945,11,0.970941817426052,0.23931566428755804,148
2026-03-22,1499.122117473151,1501.7687497781185,1502.329643704344,1503.0383321661045,1483.9273024835163,1484.39831259815,1502.1717079605642,1492.963375612784,0.6645161813539874,12,0.992708874098054,0.120536680255323,149
2026-03-29,1500.7460345769343,1499.122117473151,1501.7687497781185,1501.5501061936889,1481.1793480101635,1484.441558384627,1501.1926542873257,1494.1903593523673,1.4188640424425607,13,1.0,-1.6081226496766366e-16,150
2026-04-05,1500.2581441888408,1500.7460345769343,1499.122117473151,1502.329643704344,1501.424995520557,1483.9273024835163,1500.991636383137,1495.5490657017262,1.4082601584862546,14,0.992708874098054,-0.12053668025532288,151
2026-04-12,1500.613053695272,1500.2581441888408,1500.7460345769343,1501.7687497781185,1503.6475535471047,1483.9273024835163,1500.4737615042613,1496.9099691771698,1.0991753983095471,15,0.9709418174260521,-0.2393156642875575,152
2026-04-19,1499.6906618008832,1500.613053695272,1500.2581441888408,1499.122117473151,1503.0383321661045,1483.9273024835163,1500.1848374835495,1498.3004484448165,0.7378028180164705,16,0.9350162426854148,-0.35460488704253545,153
2026-04-26,1500.2551859283258,1499.6906618008832,1500.613053695272,1500.7460345769343,1501.5501061936889,1481.1793480101635,1500.3269735654826,1499.6140617212639,0.47155208850040564,17,0.8854560256532099,-0.4647231720437685,154
2026-05-03,1500.2375988480828,1500.2551859283258,1499.6906618008832,1500.2581441888408,1502.329643704344,1501.424995520557,1500.2042614033305,1501.2037148811103,0.38139758392727097,18,0.8229838658936565,-0.5680647467311557,155
2026-05-10,1500.560585441826,1500.2375988480828,1500.2551859283258,1500.613053695272,1501.7687497781185,1503.6475535471047,1500.199125068141,1501.1047651584042,0.38056749465687434,19,0.7485107481711013,-0.663122658240795,156
2026-05-17,1499.6409255437052,1500.560585441826,1500.2375988480828,1499.6906618008832,1499.122117473151,1503.0383321661045,1500.1860080047795,1500.8475178162978,0.3619960027170878,20,0.6631226582407952,-0.7485107481711012,157
2026-05-24,1500.036179164298,1499.6409255437052,1500.560585441826,1500.2551859283258,1500.7460345769343,1501.5501061936889,1500.1735739404849,1500.5644005977645,0.3848168056735147,21,0.5680647467311558,-0.8229838658936564,158
2026-05-31,1499.3173401234678,1500.036179164298,1499.6409255437052,1500.2375988480828,1500.2581441888408,1502.329643704344,1500.118822249478,1500.4382400119819,0.3849145961890121,22,0.46472317204376906,-0.8854560256532096,159
2026-06-07,1500.5477725928888,1499.3173401234678,1500.036179164298,1500.560585441826,1500.613053695272,1501.7687497781185,1499.8887575683243,1500.1872147135755,0.5357314087484047,23,0.35460488704253584,-0.9350162426854147,160
2026-06-14,1510.6312668615835,1500.5477725928888,1499.3173401234678,1499.6409255437052,1499.6906618008832,1499.122117473151,1499.8855543560899,1500.0854666148064,0.5303871214097241,24,0.23931566428755768,-0.970941817426052,161
2026-06-21,1500.6681253516804,1510.6312668615835,1500.5477725928888,1500.036179164298,1500.2551859283258,1500.7460345769343,1502.6331396855596,1501.0445623971757,5.355916507927468,25,0.12053668025532308,-0.992708874098054,162
2026-06-28,1500.2525148178318,1500.6681253516804,1510.6312668615835,1499.3173401234678,1500.2375988480828,1500.2581441888408,1502.791126232405,1501.0380699617378,5.262279712161891,26,-3.216245299353273e-16,-1.0,163
2026-07-05,1500.8482269500782,1500.2525148178318,1500.6681253516804,1500.5477725928888,1500.560585441826,1500.613053695272,1503.024919905996,1501.037600847487,5.073903276026027,27,-0.12053668025532283,-0.992708874098054,164
2026-07-12,1501.1769344938562,1500.8482269500782,1500.2525148178318,1510.6312668615835,1499.6409255437052,1499.6906618008832,1503.1000334952935,1501.0571986187208,5.027015303064105,28,-0.23931566428755743,-0.9709418174260521,165
